id,status,trait,keyword,option,effect,token
---------,------,----,----,----,-,-------(Leaders)
100000000,0/0/20,none,none,none,0,none
100010000,0/0/20,none,none,none,0,none
100020000,0/0/20,none,none,none,0,none
100030000,0/0/20,none,none,none,0,none
100040000,0/0/20,none,none,none,0,none
100050000,0/0/20,none,none,none,0,none
100060000,0/0/20,none,none,none,0,none
100070000,0/0/20,none,none,none,0,none
100080000,0/0/20,none,none,none,0,none
---------,------,----,----,----,-,-------(Pack 000 / Normal)
500001201,0/0/0,none,28,none,-1/-2/-3,none
500003201,0/0/0,none,28,none,-4/-5/-6,none
---------,------,----,----,----,-,-------(Pack 100 / Normal)
110001101,1/1/2,none,none,none,0,none
110001102,3/2/3,none,7,none,1001,none
110001201,2/0/0,none,none,none,1005,none
110001202,4/0/0,none,none,none,1006,none
110001203,5/0/0,none,none,none,1007/1008,none
110001204,7/0/0,none,none,none,1009,none
110003101,4/3/3,none,7,none,1002,none
110003102,5/1/5,none,7,none,1003/1004,none
---Elf---,-----,----,----,----,-,-------
110011101,1/1/1,none,8,none,1010,910011101
110011102,1/1/1,none,7,none,1011,none
110011103,2/2/1,none,7/12,none,1012,none
110011104,4/3/4,none,none,none,1013,none
110011105,4/3/2,none,4/7,none,4/1014,910011101
110011201,1/0/0,none,none,none,1015,910011101
110011202,1/0/0,none,none,none,1016/1017,none
110011203,2/0/0,none,none,none,1018/1019,910011101
110012101,4/3/4,none,11,none,1020,910011101
110012102,8/5/6,none,7,none,1022,none
110012201,2/0/0,none,12,none,1023/1024,910011101
910011101,1/1/1,none,none,none,0,none
910014201,2/0/0,none,none,none,1873,none
--Royal--,-----,----,----,----,-,-------
110021101,1/1/1,1,1,none,1,none
110021102,2/1/1,1,7,none,1025,910021101
110021103,2/2/2,1,2,none,2,none
110021104,3/2/2,1,1,none,1,none
110021105,5/3/2,1,5/7,none,5/1026,910021105
110021106,8/7/7,2,7/9,none,1027/1028,none
110021201,1/0/0,none,none,none,1029/1030,none
110021202,3/0/0,none,13,none,1031/1032,none
110022101,2/1/1,1,7,none,1033,none
110022102,4/3/4,1,11,none,1034,910021104/910021101
110022201,2/0/0,none,none,none,1035/1036,none
910021101,1/1/1,1,none,none,0,none
910021102,1/1/2,1,none,none,0,none
910021103,1/1/1,1,2,none,2,none
910021104,2/2/2,1,none,none,0,none
910021105,2/2/1,1,5,none,5,none
910021106,3/2/3,1,2,none,2,none
910021201,1/0/0,14,none,none,1584,none
910021202,1/0/0,14,none,none,1585,none
910021203,1/0/0,14,none,none,1586,none
910021204,1/0/0,14,none,none,1587,none
--Witch--,-----,----,----,----,-,-------
110031101,4/4/3,5,7/20,none,1037,none
110031102,6/2/2,none,1/14,none,1/1038,none
110031201,2/0/0,none,none,none,1039/1040,none
110031202,2/0/0,none,none,none,1041,910031102
110031203,2/0/0,none,14,none,1042,none
110031204,8/0/0,none,14,none,1043/1044,none
110031205,1/0/0,none,none,none,1217,none
110031301,1/0/0,3,8,none,1045,none
110032101,10/7/7,none,14,none,1047,none
110032201,1/0/0,none,none,none,1048,910031301
110032202,3/0/0,none,none,none,1049/1050,none
910031101,1/1/1,none,none,none,0,none
910031102,2/2/2,5,none,none,0,none
910031103,4/3/3,5,2,none,2,none
910031104,1/0/2,5,2,none,2,none
910031201,1/0/0,none,none,none,1234,none
910031202,1/0/0,none,none,none,1235,none
910031301,1/0/0,3,none,none,0,none
-Dragon--,-----,----,----,----,-,-------
110041101,1/1/2,none,7/15,none,1051,none
110041102,2/2/1,none,7/15,none,1052,none
110041103,3/1/1,none,7,none,1054,910041102
110041104,5/4/4,none,7/15,none,1055,none
110041105,6/5/6,none,7/15,none,1056,none
110041201,1/0/0,none,none,none,1057,none
110041202,2/0/0,none,none,none,1058,none
110041301,1/0/0,none,15,none,1059/1060/1061,none
110042101,3/2/1,none,7/21/22,none,22/1066/1067,none
110042201,5/0/0,none,none,none,1063/1064/1065,none
110042301,7/0/0,none,18,countdown=3,1062,910041103
910041101,1/1/1,none,8,none,1053,none
910041102,2/2/2,none,none,none,0,none
910041103,5/5/5,none,none,none,0,none
910041104,6/5/5,none,1,none,1,none
910041105,2/4/3,none,4,none,4,none
--Necro--,-----,----,----,----,-,-------
110051101,1/1/2,none,8,none,1068,none
110051102,2/1/2,none,8,none,1069,none
110051103,2/1/2,none,7,none,1070/1071,none
110051104,2/2/1,none,7/23,none,1072,none
110051105,3/3/2,none,8,none,1074,none
110051201,2/0/0,none,21,none,1076/1077,910051103
110051202,2/0/0,none,21/24,none,1078/1079,none
110051203,4/0/0,none,16,none,1080/1081,910051104
110052101,3/1/1,none,8,none,1082,910051102
110052102,4/1/1,none,8,none,1083,910051104
110052103,4/3/3,none,7,none,1084/1085,none
910051101,1/1/1,none,1,leaveVanish=1,1/1075,none
910051102,1/1/1,none,none,none,0,none
910051103,2/2/2,none,none,none,0,none
910051104,4/4/4,none,none,none,0,none
-Vampire-,-----,----,----,----,-,-------
110061101,1/1/2,none,7,none,1086,none
110061102,3/2/1,none,7,none,1087,910061101
110061103,3/3/2,none,2/8,none,2/1088,none
110061104,4/4/3,none,7/17,none,1089,none
110061105,6/3/6,none,1,none,1,none
110061201,2/0/0,none,none,none,1090/1091,none
110061202,2/0/0,none,none,none,1092/1093,none
110061203,2/0/0,none,none,none,1094,910061101
110062101,3/1/4,none,7,none,1095,910061101
110062102,3/2/3,none,11,none,1096,none
110062201,2/0/0,none,none,none,1097/1098,none
910061101,1/1/1,none,none,none,0,none
910061102,1/1/1,none,none,none,0,none
-Bishop--,-----,----,----,----,-,-------
110071101,2/1/3,none,2,none,2,none
110071102,2/2/1,none,7,none,1099,none
110071103,3/3/2,none,7,none,1100,none
110071201,2/0/0,none,none,none,1101/1102,none
110071202,2/0/0,none,none,none,1103,none
110071203,2/0/0,none,none,none,1104/1105,none
110071204,5/0/0,none,none,none,1106,none
110071301,1/0/0,none,18,countdown=3,1108,none
110072101,3/2/2,none,7,none,1109,none
110072102,4/3/4,none,11,none,1110,none
110072301,2/0/0,none,18,countdown=3,1111,910071102/910071104
910071101,5/5/3,none,none,none,0,none
910071102,4/4/4,none,none,none,0,none
910071103,6/6/6,none,none,none,0,none
910071104,3/2/1,none,1,none,1,none
910071105,5/3/4,none,1,none,1,none
910071106,5/3/5,none,4,none,4,none
910071107,4/3/5,none,none,none,0,none
910071108,3/3/2,none,2/25,none,2/25,none
910071109,6/5/4,none,2/25,none,2/25,none
-Nemesis-,-----,----,----,----,-,-------
110081101,2/2/2,11,7,none,1118,910081103
110081102,2/2/2,none,7/21,none,1119/1120,910081101
110081103,3/3/2,none,4/7,none,4/1121,910081104
110081104,3/2/3,11,2/7,none,2/1122,910081105
110081105,3/1/2,none,7/8,none,1123/1124,910081101
110081106,4/4/3,11,7,none,1125,910081106
110081201,2/0/0,none,19,none,1126/1127,none
110081301,3/0/0,11,7/8/18/19,countdown=3,1128/1129/1130/1131,none
110082101,2/2/2,11,7/11,none,1132/1133,910081104
110082102,3/2/3,11,7,none,1134,none
110082201,1/0/0,none,none,none,1135/1136,910081103
910081101,0/1/1,none,4,none,4/1112,none
910081102,1/3/3,none,4,nameId=910081101,4/1113,none
910081103,1/2/1,4,8,none,1114,none
910081104,2/3/2,4,4,none,4,none
910081105,3/2/3,4,2/7,none,2/1115,none
910081106,4/4/3,4,1,none,1,none
---------,------,----,----,----,-,-------(Pack 100 / Evolved)
110001901,1/3/4,none,none,none,0,none
110001902,3/4/5,none,7,none,0,none
110003901,4/5/5,none,7,none,0,none
110003902,5/3/7,none,7,none,1004,none
---Elf---,-----,----,----,----,-,-------
110011901,1/3/3,none,8,none,1010,910011101
110011902,1/3/3,none,7,none,0,none
110011903,2/4/3,none,7/12,none,0,none
110011904,4/5/6,none,none,none,1013,none
110011905,4/5/4,none,4/7,none,4,910011101
110012901,4/4/5,none,11,none,1020,910011101
110012902,8/7/8,none,7,none,0,none
910011901,1/3/3,none,none,none,0,none
--Royal--,-----,----,----,----,-,-------
110021901,1/3/3,1,1,none,1,none
110021902,2/3/3,1,7,none,0,910021101
110021903,2/4/4,1,2,none,2,none
110021904,3/4/4,1,1,none,1,none
110021905,5/5/4,1,5/7,none,5,910021105
110021906,8/9/9,2,7/9,none,1028,none
110022901,2/3/3,1,7,none,0,none
110022902,4/4/5,1,11,none,1034,910021104/910021101
910021901,1/3/3,1,none,none,0,none
910021902,1/3/4,1,none,none,0,none
910021903,1/3/3,1,2,none,2,none
910021904,2/4/4,1,none,none,0,none
910021905,2/4/3,1,5,none,5,none
910021906,3/4/5,1,2,none,2,none
--Witch--,-----,----,----,----,-,-------
110031901,4/6/5,5,7/20,none,0,none
110031902,6/4/4,none,1/14,none,1,none
110032901,10/9/9,none,14,none,0,none
910031901,1/3/3,none,none,none,0,none
910031902,2/4/4,5,none,none,0,none
910031903,4/5/5,5,2,none,2,none
910031904,1/2/4,5,2,none,2,none
-Dragon--,-----,----,----,----,-,-------
110041901,1/3/4,none,7/15,none,0,none
110041902,2/4/3,none,7/15,none,0,none
110041903,3/3/3,none,7,none,0,910041102
110041904,5/6/6,none,7/15,none,0,none
110041905,6/7/8,none,7/15,none,0,none
110042901,3/4/3,none,7/21/22,none,22,none
910041901,1/3/3,none,8,none,1053,none
910041902,2/4/4,none,none,none,0,none
910041903,5/7/7,none,none,none,0,none
910041904,6/7/7,none,1,none,1,none
910041905,2/6/5,none,4,none,4,none
--Necro--,-----,----,----,----,-,-------
110051901,1/3/4,none,8,none,1068,none
110051902,2/3/4,none,8,none,1069,none
110051903,2/3/4,none,7,none,0,none
110051904,2/4/3,none,7/23,none,0,none
110051905,3/5/4,none,8,none,1074,none
110052901,3/3/3,none,8,none,1082,910051102
110052902,4/3/3,none,8,none,1083,910051104
110052903,4/5/5,none,7,none,0,none
910051901,1/3/3,none,1,none,1/1075,none
910051902,1/3/3,none,none,none,0,none
910051903,2/4/4,none,none,none,0,none
910051904,4/6/6,none,none,none,0,none
-Vampire-,-----,----,----,----,-,-------
110061901,1/3/4,none,7,none,0,none
110061902,3/4/3,none,7,none,0,910061101
110061903,3/5/4,none,2/8,none,2/1088,none
110061904,4/6/5,none,7/17,none,0,none
110061905,6/5/8,none,1,none,1,none
110062901,3/3/6,none,7,none,0,910061101
110062902,3/3/4,none,11,none,1096,none
910061901,1/3/3,none,none,none,0,none
910061902,1/3/3,none,none,none,0,none
-Bishop--,-----,----,----,----,-,-------
110071901,2/3/5,none,2,none,2,none
110071902,2/4/3,none,7,none,0,none
110071903,3/5/4,none,7,none,0,none
110072901,3/4/4,none,7,none,0,none
110072902,4/4/5,none,11,none,1110,none
910071901,5/7/5,none,none,none,0,none
910071902,4/6/6,none,none,none,0,none
910071903,6/8/8,none,none,none,0,none
910071904,3/4/3,none,1,none,1,none
910071905,5/5/6,none,1,none,1,none
910071906,5/5/7,none,4,none,4,none
910071907,4/5/7,none,none,none,0,none
910071908,3/5/4,none,2/25,none,2/25,none
910071909,6/7/6,none,2/25,none,2/25,none
-Nemesis-,-----,----,----,----,-,-------
110081901,2/4/4,11,7,none,0,910081103
110081902,2/4/4,none,7/21,none,0,910081101
110081903,3/5/4,none,4/7,none,4,910081104
110081904,3/4/5,11,2/7,none,2,910081105
110081905,3/3/4,none,7/8,none,1124,910081101
110081906,4/6/5,11,7,none,0,910081106
110082901,2/4/4,11,7/11,none,1133,910081104
110082902,3/4/5,11,7,none,0,none
910081901,0/3/3,none,4,none,4/1112,none
910081902,1/5/5,none,4,nameId=910081901,4/1113,none
910081903,1/4/3,4,8,none,1114,none
910081904,2/5/4,4,4,none,4,none
910081905,3/4/5,4,2/7,none,2,none
910081906,4/6/5,4,1,none,1,none
---------,------,----,----,----,-,-------(Pack 101 / Normal)
110101101,2/2/2,none,2/7/21,none,2/1138,none
110101102,4/3/4,none,11,none,1139,none
110101103,5/4/4,none,none,none,1140,none
110101104,7/4/6,none,9,none,1141,none
110101201,1/0/0,none,none,none,1142,none
110101202,2/0/0,none,none,none,1144,110001101
110101301,2/0/0,none,7,none,1146/1147,none
110102101,2/2/2,none,11,none,1148/1149/1150,none
110102102,3/2/2,none,5/7,none,5/1151,none
110102103,4/3/3,none,7,none,1152,none
110102104,7/6/6,none,7,none,1155/1156,none
110102105,10/6/8,none,2/7/26,none,2/1158/1159,810102201
110102201,5/0/0,none,none,none,1160,none
110102202,5/0/0,none,none,none,1163,none
110102301,2/0/0,none,7/8/18,countdown=2,1164/1166/1167,none
110103101,3/2/2,none,7/28,none,1168,none
110103102,6/4/4,none,11,evolveCost=0,1169,none
110103103,8/6/7,none,7,none,1173/1174,none
110103104,9/4/4,none,7,none,1175,none
110103201,2/0/0,none,none,none,1176,none
110103301,1/0/0,none,7/8/18,countdown=2,1180/1181,910103101/910103102
110104101,1/1/2,none,7,nameId=110001101,1189/1190,none
110104102,4/4/4,none,7/9,none,1191/1192,none
110104103,7/4/4,none,2/4/7/26,none,2/4/1193/1194,810104201/910104301/910104302
810102201,3/0/0,none,none,artId=110102105,1157,110001101
810104201,4/0/0,none,none,artId=110104103,1199,910104301/910104302
910103101,3/2/3,none,2/7,none,2/1183/1184/1185,none
910103102,3/3/2,none,4/7,none,4/1187/1188,none
910104301,2/0/0,none,none,none,1195/1196,none
910104302,2/0/0,none,none,none,1197/1198,none
---Elf---,-----,----,----,----,-,-------
110111101,1/1/1,none,7,none,1877,none
110111102,1/1/1,none,11,none,1878,none
110111103,2/1/3,none,10,none,1879,910011101
110111104,2/2/2,none,7/21,none,1880/1881,910011101
110111105,2/2/2,none,11,none,1882,none
110111106,3/2/3,none,none,none,1883,none
110111107,4/1/1,none,7/11,none,1885/1886,none
110111108,5/3/4,none,7,none,1887,910011101
110111109,7/5/6,none,7/29,none,929/1889/1890,none
110111201,1/0/0,none,none,none,1893,none
110111202,2/0/0,none,none,none,1897,none
110111203,1/0/0,none,12,none,1899/1900/1901/1971,none
110111204,1/0/0,none,none,none,1903,none
110111205,1/0/0,none,none,none,1906/1907,none
110111206,3/0/0,none,none,none,1908/1909/1910,910011101
110111207,3/0/0,none,12,none,1911/1912,none
110111301,2/0/0,none,7/8/18,countdown=1,1891/1892,none
110112101,2/2/2,none,7,none,1913,none
110112102,2/1/1,none,7,none,1915,910011101
110112103,2/2/2,none,8,none,1920,910112201
110112104,2/2/1,none,7/12,none,1921,910011101
110112105,3/1/3,none,7/10,none,1924/1925,none
110112106,3/2/2,none,7,none,1926,none
110112107,3/2/2,none,12,none,1927,none
110112108,4/2/1,none,7/12,none,1929/1930,none
110112109,5/4/4,none,7/12,none,1931/1932,none
110112110,6/3/6,none,none,none,1933,none
110112111,9/6/7,none,7/8/9/10,none,1935/1936/1937/1938,none
110112201,2/0/0,none,none,none,1939/1940/1941,none
110112202,3/0/0,none,none,none,1942,910011101
110113101,3/1/3,none,4,none,4/1944,none
110113102,5/2/4,none,4/9,none,4/1948/1949,910113201
110113103,7/6/6,none,2,none,2/1950,none
110113104,7/5/5,none,4/12,none,4/1951/1952,none
110113201,2/0/0,none,none,none,1953/1954/1955/1956,910011101
110113202,5/0/0,none,21,none,1961/1962,none
110113203,7/0/0,none,none,none,1963,none
110113301,1/0/0,none,7/18,countdown=1,1964/1965,none
110113302,4/0/0,none,7/18,countdown=3,1967,none
110114101,2/1/1,none,11,none,1874/1875,910014201
110114102,5/2/6,none,7/8,none,1870/1871/1872,910114201
110114103,5/4/3,none,4,none,904/1867,none
910112201,1/0/0,none,none,none,1919,none
910113201,2/0/0,none,none,none,1946,none
910114201,0/0/0,none,none,none,1868/1869,none
--Royal--,-----,----,----,----,-,-------
110121101,2/2/2,1/11,7/38,none,1583,110021202
110121102,2/2/1,1,8,none,1588,910021201
110121103,2/2/2,13,11/30,none,1589,110071203/110171303
110121104,2/1/1,1,7,none,1591,none
110121105,2/2/1,1,7,none,1592,none
110121106,2/2/1,1,4/7/21,none,4/1593,none
110121107,4/3/3,1,2/7/38,none,2/1594,none
110121108,4/3/3,2,38,none,1595/1596/1597,910021103
110121109,4/2/4,1,3,none,3,none
110121110,6/4/6,1,2/7,none,2/1601,none
110121111,8/6/6,1,7,none,1602,none
110121112,8/2/4,1,2/7,none,2/1604,none
110121113,9/5/5,2,7,none,1605/1615,110121106
110121201,1/0/0,none,30/38,none,1606/1607,910021102/910121201/910121202
110121202,3/0/0,none,none,none,1612/1613,910021101/910021201/910021202/910021203/910021204
110121203,4/0/0,none,none,none,1614,none
110121301,2/0/0,2,7/8/18/38,countdown=2,1616/1617,910021101
110122101,2/2/1,1,5/9,none,5,none
110122102,1/1/1,2,7/21,none,1621,910021201/910021202/910021203/910021204
110122103,2/1/2,2,11,none,1622/1624/1626/1627/1628,none
110122104,2/2/2,1,11/38,none,1631/1632,910122208
110122105,3/3/2,1,4/7/21,none,4/1633,none
110122106,3/2/2,13,7/30,none,1636,910122101/910122102
110122107,5/2/5,1,2/8/38,none,2/1638,none
110122201,1/0/0,none,none,none,1640/1641/1642,910021201/910021202/910021203/910021204
110122202,2/0/0,none,30,none,1652,910122201/910122202/910122203/910122204/910122205/910122206/910122207
110122203,2/0/0,none,none,none,1643/1644,none
110122204,3/0/0,none,none,none,1646,910021101
110122205,4/0/0,none,38,none,1649/1650,none
110122301,3/0/0,2,18,countdown=2,1651,none
110123101,1/1/1,13,none,none,1666/1667,none
110123102,4/2/2,2,7/21,none,1669/1670,110021101/910021103
110123103,3/2/3,2,7/30,none,1677,910123201/910123202
110123104,3/2/3,1,11/41,none,41/1679,none
110123105,7/4/4,2,30/42,none,1685,910123103/910123104
110123106,5/2/4,2,1/7,none,1/1687,910021101/910123101
110123201,1/0/0,none,38,none,1688/1689,none
110123202,2/0/0,none,38,none,1690/1692/1693,none
110123301,5/0/0,2,none,none,1694,910123102/910021101
110124101,4/3/4,1,2/7,none,2/1695,none
110124102,4/4/3,1,4/7/9/21,none,4/1697/1699,none
110124103,5/3/3,2,7/38,none,1702/1703,none
910121201,1/0/0,none,none,none,1609,none
910121202,1/0/0,none,none,none,1611,none
910122101,4/2/4,13,2/10,none,2/1634,none
910122102,4/4/2,13,3/10,none,3/1635,none
910122201,0/0/0,none,none,artId=110122202,1655,none
910122202,0/0/0,none,none,artId=110122202,1656,none
910122203,0/0/0,none,none,artId=110122202,1657,none
910122204,0/0/0,none,none,artId=110122202,1658,none
910122205,0/0/0,none,none,artId=110122202,1660,none
910122206,0/0/0,none,none,artId=110122202,1662,none
910122207,0/0/0,none,none,artId=110122202,1663/1664,none
910122208,2/0/0,none,none,none,1629/1630,910021101
910123101,1/1/1,1,10,none,1686,none
910123102,3/3/3,1,3,none,3,none
910123103,7/4/4,2,7,none,1681/1682/1683,910021101
910123104,7/4/4,2,1/9/38,none,1/1684,none
910123201,2/0/0,none,none,none,1673/1674,none
910123202,2/0/0,none,none,none,1675/1676,none
910123203,4/0/0,none,21,none,1669/1670/1671,110021101/910021103/910021101
--Witch--,-----,----,----,----,-,-------
110131101,2/1/2,none,7,none,1203,none
110131102,2/2/2,none,8,none,1204,910131301/910131302
110131103,3/1/2,none,none,none,1209/1210/1211,none
110131104,4/2/1,8,7/14,none,1207/1208,none
110131105,7/5/5,none,7,none,1212,none
110131106,8/5/4,5,7/20,none,1215/1216,910031103
110131201,1/0/0,8,none,none,1218,910031102
110131202,4/0/0,none,none,none,1219/1227,910031102
110131203,2/0/0,none,20,none,1220/1221,none
110131204,2/0/0,none,none,none,1222,none
110131205,3/0/0,none,none,none,1223/1224,none
110131206,6/0/0,none,none,none,1225,none
110131207,5/0/0,none,14,none,1230/1231/1232/1233,none
110131208,5/0/0,none,14,none,1236/1237/1238/1239,910031202
110131209,6/0/0,none,14,none,1240/1241,none
110131301,1/0/0,3,7/20,none,1244,none
110131302,2/0/0,3,8,none,1245/1246,none
110132101,2/1/1,8,7,none,1247,none
110132102,3/2/3,none,7/20,none,1248/1250,none
110132103,3/3/2,none,7/20,none,1251/1252,none
110132104,5/2/3,8,14,none,1253/1254,none
110132105,5/4/5,none,8/11/20,none,1256/1257,110031301/910031101
110132106,8/4/4,8,7/14,none,1258/1259,none
110132201,2/0/0,none,none,none,1260/1262,910031301/910031102
110132202,3/0/0,8,none,none,1264/1265,none
110132203,2/0/0,none,none,none,1266,none
110132204,2/0/0,none,14,none,1270/1271,910031202/910031201
110132205,3/0/0,none,none,none,1272/1273,none
110132206,6/0/0,none,20,none,1275/1274,910031104/910031102/910031103
110132207,10/0/0,none,none,none,1276/1277,none
110133101,3/2/3,none,7/11/20,none,1278/1279/1280,910031301/910031103
110133102,3/2/2,5,7/20,none,1281/1282,none
110133103,2/2/2,none,11,none,1284/1285,none
110133104,9/5/5,none,7/20,none,1286/1287,910133301/910031103
110133105,15/4/4,none,7/14,none,1290/1291,910133101
110133201,2/0/0,none,none,none,1292/1293/1294,none
110133202,3/0/0,none,20,none,1296/1297/1298/1299/1300/1316,910031102
110133203,3/0/0,none,none,none,1301,none
110133301,3/0/0,3,7/8,none,1302/1303,910031102/910031104
110134101,4/3/4,none,7/11/20,none,1304/1306,910031301
110134102,6/4/4,none,7/14,none,1307/1310/1444,none
110134103,7/5/5,none,7/14,none,1311,none
910131301,2/0/0,3,7,none,1046,none
910131302,2/0/0,3,7,none,1202,none
910133101,6/4/5,5,1/2,none,1/2,none
910133301,7/0/0,none,18,countdown=3,1289,910031103
-Dragon--,-----,----,----,----,-,-------
110141101,2/2/2,none,7,none,1706,none
110141102,2/2/1,none,7,none,1707,none
110141103,2/1/2,none,none,none,1708,910041102
110141104,2/1/3,none,7/15,none,1709,none
110141105,3/2/3,none,2/7/21,none,2/1710,none
110141106,3/3/1,none,7,none,1712,none
110141107,4/3/3,none,22,none,22,none
110141108,4/3/4,none,7,none,1713/1714,910041102
110141109,5/5/4,none,8,none,1715,110041301
110141110,7/1/7,none,7/10,none,1716/1719,none
110141111,8/7/7,none,10,none,1720,none
110141201,1/0/0,none,21,none,1721/1722,910041101
110141202,2/0/0,none,none,none,1723,none
110141203,2/0/0,none,15,none,1725/1726,none
110141204,3/0/0,none,none,none,1728,none
110141301,3/0/0,none,7/8/18,countdown=3,1729/1730,none
110141302,4/0/0,none,8,none,1736/1737,910041103
110142101,1/1/2,none,7/15,none,1731,none
110142102,2/2/1,none,7/11/15,none,1732/1733,910041101/910041105
110142103,3/3/2,none,4/7,none,4/1738,none
110142104,4/2/4,none,10,none,1739,none
110142105,4/3/4,none,11,none,1740,none
110142106,5/4/5,none,8,none,1741,910041104
110142107,5/2/5,none,10,none,1742,910041102
110142108,9/6/5,none,7,none,1743,none
110142201,2/0/0,none,21,none,1744/1745,none
110142202,2/0/0,none,none,none,1746,none
110142203,2/0/0,none,none,none,1747,none
110142204,4/0/0,none,15,none,1749,910041105/910041103
110142205,6/0/0,none,15,none,1751,910041102
110143101,3/1/2,none,5,none,5/1753,none
110143102,5/4/3,none,4/7/21,none,4/1755/1756,none
110143103,6/3/3,none,1/7,none,1/1758/1759/1760,none
110143104,8/6/6,none,7,none,1761/1762,910041102
110143105,8/4/6,none,none,none,1763,910143101
110143106,10/7/9,none,7,none,1788,none
110143201,2/0/0,none,none,none,1770,none
110143202,5/0/0,none,15,none,1766/1767,910041105
110143203,5/0/0,none,15,none,1764,910041103
110144101,2/2/2,none,7/9/21,none,1778/1779/1780/1782/1783,none
110144102,5/6/4,none,7/9,none,1784,none
110144103,7/3/6,none,2/7,none,2/1786,910144301
910143101,8/4/6,none,none,none,0,none
910144301,7/0/0,none,none,none,1787,none
--Necro--,-----,----,----,----,-,-------
110151101,2/2/2,none,8,none,1790,none
110151102,2/2/2,none,7/16,none,1791,none
110151103,2/2/2,none,none,none,1792,910051101
110151104,3/2/1,none,7/16,none,1793/1794,none
110151105,3/2/3,none,7,none,1795,none
110151106,4/2/2,none,8,none,1796,910051103
110151107,5/3/5,none,2/16,none,2/1798,none
110151108,5/4/4,none,7,none,1799,none
110151109,6/3/3,none,2/8,none,2/1801,910151101/910051102
110151110,7/5/4,none,7/16,none,1802,none
110151111,8/6/7,none,8,none,1803,none
110151112,8/6/4,none,3/7/23,none,3/1804,none
110151201,1/0/0,none,none,none,1806,910051101
110151202,1/0/0,none,none,none,1807,none
110151203,3/0/0,none,16,none,1809/1810,none
110151204,3/0/0,none,16,none,1811/1812/1813,910051103
110151301,2/0/0,none,18,countdown=2,1814,910051102
110152101,1/1/1,none,7/16,none,1815,none
110152102,2/2/1,none,7,none,1816,910152301
110152103,4/3/3,none,7/16,none,1820,none
110152104,4/2/1,none,7/8,none,1821/1822,none
110152105,4/3/3,none,7/23,none,1823,910051101
110152106,5/3/3,none,1/8,none,1/1825,910051102
110152107,6/1/2,none,7/24,none,1826,none
110152108,7/2/6,none,3/10,none,3/1827,none
110152109,8/6/6,none,5/26,none,5/1828,810152201
110152110,9/4/5,none,8,none,1832,110052101
110152201,2/0/0,none,none,none,1834,none
110152202,2/0/0,none,none,none,1835,910051102
110152203,2/0/0,none,16,none,1838,none
110153101,3/1/2,none,none,none,1849/1850,none
110153102,5/3/3,none,2/8,none,2/1851,none
110153103,5/2/5,none,7/16,none,1853/1854,none
110153104,6/4/4,none,7,none,1855,none
110153105,6/3/4,none,7/16,none,1856/1857,none
110153106,7/3/3,none,8,none,1858,910051101
110153107,10/5/5,none,7/24,none,1860/1861/1862,none
110153201,4/0/0,none,24,none,1863,none
110153301,3/0/0,none,18,countdown=2,1865/1866,none
110154101,2/1/2,none,2/8,none,2/1840,none
110154102,5/3/1,none,7/8/16,none,1842/1843/1844,none
110154103,8/5/5,none,11/16/25,none,25/1846,none
810152201,2/0/0,none,23,artId=110152109,1829/1830,none
910151101,3/2/2,none,2,none,2,none
910152301,2/0/0,none,8/18,countdown=2&artId=110152102,1818,110152102
910154101,5/3/1,none,7/16,artId=110154102,1842,none
-Vampire-,-----,----,----,----,-,-------
110161101,1/1/2,none,7/31,none,1318/1317,none
110161102,2/1/3,none,7/8,none,1319/1320,none
110161103,2/2/1,none,9,none,1321,none
110161104,2/2/3,none,4/7/17,none,4/1322/1323,none
110161105,2/2/1,none,2/7/33,none,2/1324,none
110161106,2/3/2,none,7,none,1325,none
110161107,2/2/2,9,7/33,none,1326,none
110161108,6/4/8,none,3/4/7,none,3/4/1327,none
110161109,3/4/4,none,7,none,1330,none
110161110,5/3/4,none,1,none,1,none
110161111,6/5/5,none,7/32,none,1332,none
110161112,7/5/6,none,1/7,none,1/1338/1339,none
110161201,1/0/0,9,33,none,1340/1341,910061101
110161202,2/0/0,none,none,none,1342/1343,none
110161203,3/0/0,none,none,none,1344,none
110161204,4/0/0,none,33,none,1346/1347/1349,910061101
110161301,1/0/0,none,7/8/18/31,countdown=1,1350/1351/1352,none
110162101,1/1/1,none,7/33,none,1355/1356,910061101/110061203
110162102,2/2/1,none,7,none,1357,none
110162103,3/2/2,none,7/33,none,1358/1359/1360,none
110162104,4/3/4,none,7/17,none,1361/1362,none
110162105,4/4/3,none,3/7/35,none,3/1363/1364,110102202
110162106,5/3/5,none,2/7/31,none,2/1366/1367,none
110162107,7/4/7,9,7/33/36,none,36/1368,none
110162108,9/5/9,none,4/9/26,none,4/1386/1371/1372,810162201
110162201,1/0/0,none,30/32,none,1373/1374,910162201/910162202/910061101
110162202,3/0/0,none,none,none,1378,none
110162203,2/0/0,none,17,none,1380/1497,none
110162204,5/0/0,none,31,none,1382/1383/1384,none
110162205,5/0/0,none,none,none,1385,910061101
110163101,3/3/4,none,2/7/17,none,2/1335/1336/1387,110162203
110163102,4/2/2,none,7,none,1388,910061101
110163103,3/2/2,none,none,none,1389,none
110163104,5/3/3,none,6/7,none,6/1390/1391,none
110163105,7/3/3,none,1/7/26/33,none,1/1394/1411,810163201/910061101
110163106,8/2/8,none,6,none,6/1396,none
110163201,3/0/0,9,33,none,1399/1400,910163101
110163301,3/0/0,none,17,none,1401,110162203
110163302,4/0/0,none,18/31/32,countdown=5,1402,none
110164101,2/2/2,none,7/31/32,none,1405,none
110164102,3/2/3,9,7,none,1406,110161201
110164103,5/4/6,none,2/7/8/17,none,2/1407/1408/1409/1410,none
810162201,3/0/0,none,none,artId=110162108,1369/1370,none
810163201,3/0/0,none,none,artId=110163105,1392,910061101
910162201,2/0/0,none,none,none,1376,none
910162202,1/0/0,none,none,none,1377,none
910163101,4/3/3,9,7/33,none,1397/1398,none
-Bishop--,-----,----,----,----,-,-------
110171101,1/1/1,10,none,none,1412,none
110171102,2/2/2,none,none,none,1413,none
110171103,2/2/2,none,10,none,1414,none
110171104,2/1/2,none,none,none,1415,none
110171105,3/2/1,none,8,none,1416,110171301
110171106,3/2/3,none,7,none,1417/1418,none
110171107,4/2/4,10,2,none,2/1420,none
110171108,4/3/3,none,8,none,1421,110071203
110171109,7/4/7,none,7,none,1422,none
110171110,8/5/8,none,7,none,1423/1424,none
110171201,2/0/0,none,none,none,1425/1426,none
110171202,2/0/0,none,none,none,1427/1428,none
110171301,1/0/0,none,8/18,countdown=2,1430,910071104
110171302,1/0/0,none,8/18,countdown=3,1431,910071108
110171303,2/0/0,none,7/8/18,countdown=2,1432/1433,none
110171304,3/0/0,none,8/18,countdown=2,1434,910071105
110171305,4/0/0,none,none,none,1435,none
110172101,2/2/2,none,8,none,1436/1437,110071203
110172102,2/2/2,none,7/21/25,none,25/1438/1439,none
110172103,3/2/2,none,2,none,2/1440,none
110172104,5/2/4,none,2/7,none,2/1441/1442,110071301
110172105,6/3/6,none,22,none,22,none
110172106,7/3/3,none,7,none,1445,910172302
110172107,8/6/6,none,2/8/26,none,2/1448/1449,810172201/910172301
110172201,1/0/0,none,none,none,1452/1453,none
110172202,3/0/0,none,none,none,1454/1455,none
110172203,5/0/0,none,none,none,1456,none
110172301,2/0/0,none,none,none,1458,none
110172302,3/0/0,none,8/18,countdown=1,1459,none
110172303,5/0/0,none,7/8/18,countdown=4,1460/1461,910071106
110173101,2/2/2,none,11,none,1462,none
110173102,5/2/2,none,11,none,1463/1464,910071101
110173103,5/2/5,none,7,none,1465/1466,none
110173104,6/4/4,none,7,none,1467/1468,910172101
110173105,7/4/4,none,7,none,1469/1470,910071103
110173106,8/5/5,none,2/8,none,2/1474,910173301
110173201,6/0/0,none,none,none,1475,none
110173301,2/0/0,none,7/8/18,countdown=3,1476/1477,910071107
110173302,4/0/0,none,8/18,countdown=4,1479/1480,910173101
110174101,4/4/4,none,7,none,1482/1483,910174201/910174202
110174102,7/4/4,none,7/11/30,none,1488/1489/1490,910174101/910174102
110174301,4/0/0,none,8/18,countdown=3,1492,910174103
810172201,2/0/0,none,none,artId=110172107,1451,910172301
910172101,4/2/3,none,1,none,1,none
910172102,4/4/3,none,none,none,1495,none
910172301,2/0/0,none,18,countdown=1,1450,none
910172302,4/0/0,none,18,countdown=2,1446,none
910173101,4/3/3,none,2/8,none,2/1481,110173302
910173301,8/0/0,none,18,countdown=3,1472/1473,none
910174101,2/2/1,none,4,none,4,none
910174102,2/1/2,none,2,none,2,none
910174103,6/3/3,none,1/8,none,1/1493,110174301
910174201,2/0/0,none,none,none,1484/1485,none
910174202,2/0/0,none,none,none,1486/1487,none
-Nemesis-,-----,----,----,----,-,-------
110181101,1/2/2,none,29,none,29/1500,910184101
110181102,1/0/1,11,8/19/29,none,29/1501/1502,none
110181103,2/2/2,none,7/19,none,1503,none
110181104,2/2/2,none,7,none,1504,none
110181105,2/2/3,none,8,none,1505,none
110181106,2/2/1,none,7,none,1507,none
110181107,3/2/2,none,7/19/21,none,1508/1509/1510,none
110181108,3/3/2,none,7,none,1511,none
110181109,4/2/4,11,4/9/19,none,4/1512,none
110181110,5/3/5,11,7,none,1514,none
110181111,5/4/5,none,7,none,1516/1517,none
110181112,6/3/2,11,4/8,none,4/1519,910081104
110181201,1/0/0,11,none,none,1520,910081101
110181202,1/0/0,none,none,none,1522/1523,none
110181203,2/0/0,11,21,none,1524,none
110181204,3/0/0,none,none,none,1527,none
110181205,5/0/0,none,none,none,1528,none
110182101,2/2/2,none,11,none,1529,910081101
110182102,2/2/1,11,7,none,1533/1535,910081101
110182103,2/1/2,none,8,none,1536/1537,910081101
110182104,3/3/2,none,7,none,1538,910081101
110182105,4/2/2,none,3/11,none,3/1540,none
110182106,4/4/3,none,8,none,1541,910081106
110182107,4/3/4,none,7,none,1542,910182101
110182108,5/2/2,none,1/8,none,1/1544,910081101
110182109,7/3/5,11,7/21,none,1545,none
110182110,8/3/3,none,7/8,none,1547/1548,910081105
110182201,3/0/0,none,none,none,1549,none
110182202,3/0/0,none,none,none,1550/1551,910081101
110182301,6/0/0,none,7/18,countdown=2,1552/1553,910081101
110183101,1/1/1,none,8,none,1557,910183101
110183102,3/3/3,none,7,none,1558,none
110183103,4/3/3,11,7/11/19/30,none,1560/1561/1562,910081103/910081104/910081105/910081106
110183104,4/5/6,11,29,none,29,none
110183105,4/2/3,none,7,none,1563/1564/1565,910081101
110183106,5/3/2,none,3/7/8,none,3/1566/1568,910183103/910081101
110183107,6/4/5,11,2/8,none,2/1570,910183102
110183201,3/0/0,none,none,none,1571,910081101
110183202,7/0/0,11,none,none,1575,none
110184101,2/0/3,none,7/29,none,929/1577/1578,910184101
110184102,7/2/5,none,7,none,1579,none
110184103,6/5/5,none,2,none,2/1581,910081101
910182101,4/4/5,4,8,none,1543,none
910183101,3/3/3,4,2/7,none,2/1554,none
910183102,5/4/5,4/11,4/9,none,4/1555,none
910183103,5/2/3,none,5/8,none,5/1556,910081101
910184101,2/3/3,4,4,none,4/1499,none
---------,------,----,----,----,-,-------(Pack 101 / Evolve)
110101901,2/4/4,none,2/7/21,none,2,none
110101902,4/4/5,none,11,none,1139,none
110101903,5/6/6,none,none,none,1140,none
110101904,7/6/8,none,9,none,1141,none
110102901,2/4/4,none,11,none,1148/1149/1150,none
110102902,3/4/4,none,5/7,none,5,none
110102903,4/5/5,none,7,none,0,none
110102904,7/8/8,none,7,none,0,none
110102905,10/8/10,none,2/7/26,none,2,none
110103901,3/4/4,none,7/28,none,0,none
110103902,6/4/4,none,11,none,1169,none
110103903,8/8/9,none,7,none,0,none
110103904,9/6/6,none,7,none,0,none
110104901,1/3/4,none,7,nameId=110001901,0,none
110104902,4/6/6,none,7/9,none,1192,none
110104903,7/6/6,none,2/4/7/26,none,2/4,810104201/910104301/910104302
910103901,3/4/5,none,2/7,none,2,none
910103902,3/5/4,none,4/7,none,4,none
---Elf---,-----,----,----,----,-,-------
110111901,1/3/3,none,7,none,0,none
110111902,1/3/3,none,11,none,1878,none
110111903,2/3/5,none,10,none,1879,910011101
110111904,2/4/4,none,7/21,none,0,910011101
110111905,2/3/3,none,11,none,1882,none
110111906,3/4/5,none,none,none,1883,none
110111907,4/1/1,none,7/11,none,1886,none
110111908,5/5/6,none,none,none,0,910011101
110111909,7/7/8,none,2/7,none,2/802,none
110112901,2/4/4,none,7,none,0,none
110112902,2/3/3,none,7,none,0,910011101
110112903,2/4/4,none,8,none,1920,910112201
110112904,2/4/3,none,7/12,none,0,910011101
110112905,3/3/5,none,7/10,none,1925,none
110112906,3/4/4,none,7,none,0,none
110112907,3/4/4,none,9/12,none,1928,none
110112908,4/4/3,none,7/12,none,0,none
110112909,5/6/6,none,7/12,none,0,none
110112910,6/3/6,none,none,none,1934,none
110112911,9/8/9,none,7/8/9/10,none,1936/1937/1938,none
110113901,3/3/5,none,4,none,4/1944,none
110113902,5/4/6,none,4/9,none,4/1948/1949,910113201
110113903,7/8/8,none,2,none,2,none
110113904,7/7/7,none,4/12,none,4,none
110114901,2/3/3,none,11,none,1874,910014201
110114902,5/4/8,none,7/8,none,1870/1871,910114201
110114903,5/4/3,none,1,none,1/801/1867,none
--Royal--,-----,----,----,----,-,-------
110121901,2/4/4,1/11,7/38,none,0,110021202
110121902,2/4/3,1,8,none,1588,910021201
110121903,2/4/4,13,11/30,none,1589,110071203/110171303
110121904,2/3/3,1,7,none,0,none
110121905,2/4/3,1,7,none,0,none
110121906,2/4/3,1,4/7/21,none,4,none
110121907,4/5/5,1,2/7/38,none,2,none
110121908,4/5/5,2,38,none,1595/1596/1597,910021103
110121909,4/4/6,1,3,none,3,none
110121910,6/6/8,1,2/7,none,2,none
110121911,8/8/8,1,7,none,0,none
110121912,8/4/6,1,2/7,none,2,none
110121913,9/7/7,2,7,none,1605,110121106
110122901,2/4/3,1,5/9,none,5/1619,none
110122902,1/3/3,2,7/21,none,0,910021201/910021202/910021203/910021204
110122903,2/3/4,2,11,none,1622/1624/1626/1627/1628,none
110122904,2/4/4,1,11/38,none,1631/1632,910122208
110122905,3/5/4,1,4/7/21,none,4,none
110122906,3/4/4,13,7/30,none,0,910122101/910122102
110122907,5/4/7,1,2/8/38,none,2/1638,none
110123901,1/3/3,13,none,none,1666/1668,none
110123902,4/4/4,2,7/21,none,0,110021101/910021103
110123903,3/4/5,2,7/30,none,0,910123201/910123202
110123904,3/4/5,1,11/41,none,41/1679,none
110123905,7/6/6,2,30/42,none,0,910123103/910123104
110123906,5/4/6,2,1/7,none,1,910021101/910123101
110124901,4/4/5,1,2/7/9/38,none,2/1696,none
110124902,4/6/5,1,4/7/9/21,none,4/1697,none
110124903,5/5/5,2,7/38,none,1702,none
910122901,4/4/6,13,2/10,none,2/1634,none
910122902,4/6/4,13,3/10,none,3/1635,none
910123901,1/3/3,1,10,none,1686,none
910123902,3/5/5,1,3,none,3,none
910123903,7/6/6,2,7,none,0,910021101
910123904,7/6/6,2,1/38,none,1/1684,none
--Witch--,-----,----,----,----,-,-------
110131901,2/3/4,none,7,none,0,none
110131902,2/4/4,none,8,none,1204,910131301/910131302
110131903,3/3/4,none,none,none,1209/1210/1211,none
110131904,4/4/3,8,7/14,none,0,none
110131905,7/7/7,none,7,none,0,none
110131906,8/7/6,5,7/20,none,1216,910031103
110132901,2/3/3,8,7,none,0,none
110132902,3/4/5,none,7,none,1250,none
110132903,3/5/4,none,7/20,none,1251,none
110132904,5/3/4,8,14,none,0,none
110132905,5/6/7,none,8/11/20,none,1256/1257,110031301/910031101
110132906,8/4/4,8,7/14,none,1259,none
110133901,3/3/4,none,7/11/20,none,1279/1280,910031301/910031103
110133902,3/4/4,none,7/20,none,0,none
110133903,2/2/2,none,11,none,1284/1285,none
110133904,9/7/7,none,7/20,none,0,910031103/910133303
110133905,15/6/6,none,7/14,none,0,910133101
110134901,4/5/6,none,7/11/20,none,1306,910031301
110134902,6/6/6,none,7/14,none,0,none
110134903,7/7/7,none,7/14,none,0,none
910133901,6/6/7,5,1/2,none,1/2,none
-Dragon--,-----,----,----,----,-,-------
110141901,2/4/4,none,7,none,0,none
110141902,2/4/3,none,7,none,0,none
110141903,2/3/4,none,none,none,1708,910041102
110141904,2/3/5,none,7/15,none,0,none
110141905,3/4/5,none,2/7/21,none,2,none
110141906,3/5/3,none,7,none,0,none
110141907,4/5/5,none,22,none,22,none
110141908,4/5/6,none,7,none,0,910041102
110141909,5/7/6,none,8,none,1715,110041301
110141910,7/3/9,none,7/10,none,1719,none
110141911,8/9/9,none,10,none,1720,none
110142901,1/3/4,none,7/15,none,0,none
110142902,2/4/3,none,7/11/15,none,0,910041101/910041105
110142903,3/5/4,none,4/7,none,4,none
110142904,4/4/6,none,10,none,1739,none
110142905,4/4/5,none,11,none,1740,none
110142906,5/6/7,none,8,none,1741,910041104
110142907,5/4/7,none,10,none,1742,910041102
110142908,9/8/7,none,7,none,0,none
110143901,3/3/4,none,5,none,5/1753,none
110143902,5/6/5,none,4/7/21,none,4/1755,none
110143903,6/5/5,none,1/7,none,1,none
110143904,8/8/8,none,7,none,1761,910041102
110143905,8/6/8,none,none,none,1763,910143101
110143906,10/9/11,none,7,none,0,none
110144901,2/4/4,none,7/9/21,none,1778/1779/1780,none
110144902,5/6/4,none,7/9,none,1785,none
110144903,7/5/8,none,2/7,none,2,none
910143901,8/6/8,none,none,none,0,none
--Necro--,-----,----,----,----,-,-------
110151901,2/4/4,none,8,none,1790,none
110151902,2/4/4,none,7/16,none,0,none
110151903,2/4/4,none,none,none,1792,910051101
110151904,3/4/3,none,7/16,none,0,none
110151905,3/4/5,none,7,none,0,none
110151906,4/4/4,none,8,none,1796,910051103
110151907,5/5/7,none,2/16,none,2/1798,none
110151908,5/6/6,none,7,none,0,none
110151909,6/5/5,none,2/8,none,2/1801,910151101/910051102
110151910,7/7/6,none,7/16,none,0,none
110151911,8/8/9,none,8,none,1803,none
110151912,8/8/6,none,3,none,3,none
110152901,1/3/3,none,7/16,none,0,none
110152902,2/4/3,none,7,none,0,910152301
110152903,4/5/5,none,7/16,none,0,none
110152904,4/4/3,none,7/8,none,1822,none
110152905,4/5/5,none,7/23,none,0,910051101
110152906,5/5/5,none,1/8,none,1/1825,910051102
110152907,6/3/4,none,7/24,none,0,none
110152908,7/4/8,none,3/10,none,3/1827,none
110152909,8/8/8,none,5/26,none,5,none
110152910,9/6/7,none,8,none,1832,110052101
110153901,3/3/4,none,none,none,1849/1850,none
110153902,5/5/5,none,2/8,none,2/1851,none
110153903,5/4/7,none,7/16,none,1854,none
110153904,6/6/6,none,7,none,0,none
110153905,6/5/6,none,7/16,none,0,none
110153906,7/4/4,none,8,none,1858,910051101
110153907,10/7/7,none,7/24,none,0,none
110154901,2/3/4,none,2/8,none,2/1840,none
110154902,5/5/3,none,7/8/16,none,1843/1844,none
110154903,8/5/5,none,11/16/25,none,25/1846,none
910151901,3/4/4,none,2,none,2,none
910154901,5/5/3,none,7/16,artId=110154102,0,none
-Vampire-,-----,----,----,----,-,-------
110161901,1/3/4,none,7/31,none,0,none
110161902,2/3/5,none,7/8,none,1320,none
110161903,2/4/3,none,9,none,1321,none
110161904,2/4/5,none,4/7/17,none,4,none
110161905,2/4/3,none,2/7/33,none,2,none
110161906,2/5/4,none,7,none,0,none
110161907,2/4/4,9,7/33,none,0,none
110161908,6/6/10,none,3/4/7,none,3/4,none
110161909,3/6/6,none,7,none,0,none
110161910,5/5/6,none,1/7,none,1,none
110161911,6/5/5,none,9/32,none,1333/1334,none
110161912,7/7/8,none,1/7,none,1,none
110162901,1/3/3,none,7/33,none,0,910061101/110061203
110162902,2/4/3,none,7,none,0,none
110162903,3/4/4,none,7/33,none,1359/1360,none
110162904,4/5/6,none,7/17,none,0,none
110162905,4/6/5,none,3/7/35,none,3,110102202
110162906,5/5/7,none,2/7/31,none,2,none
110162907,7/6/9,9,7/33/36,none,36,none
110162908,9/7/11,6,4/9,none,4/1371/1372,none
110163901,3/5/6,none,2/7/17,none,2,110162203
110163902,4/4/4,none,7,none,0,910061101
110163903,3/4/4,none,none,none,1389,none
110163904,5/5/5,none,6/7,none,6,none
110163905,7/5/5,none,1/7/33,none,1,910061101
110163906,8/4/10,none,6,none,6/1396,none
110164901,2/4/4,none,7/31/32,none,0,none
110164902,3/4/5,9,7,none,0,110161201
110164903,5/6/8,none,2/7/8/17,none,2/1410,none
910163901,4/5/5,9,7/33,none,0,none
-Bishop--,-----,----,----,----,-,-------
110171901,1/3/3,10,none,none,1412,none
110171902,2/4/4,none,none,none,1413,none
110171903,2/4/4,none,10,none,1414,none
110171904,2/3/4,none,none,none,1415,none
110171905,3/4/3,none,8,none,1416,110171301
110171906,3/4/5,none,7,none,0,none
110171907,4/4/6,10,2,none,2/1420,none
110171908,4/5/5,none,8,none,1421,110071203
110171909,7/6/9,none,7,none,0,none
110171910,8/7/10,none,7,none,0,none
110172901,2/4/4,none,8,none,1436/1437,110071203
110172902,2/4/4,none,7/21/25,none,25,none
110172903,3/4/4,none,2,none,2/1440,none
110172904,5/4/6,none,2/7,none,2,110071301
110172905,6/5/8,none,22,none,22,none
110172906,7/5/5,none,7,none,0,910172302
110172907,8/8/8,none,2/8/26,none,2/1449,810172201/910172301
110173901,2/4/4,none,11,none,1462,none
110173902,5/3/3,none,11,none,1463/1464,910071101
110173903,5/4/7,none,7,none,1465,none
110173904,6/4/4,none,7,none,1467,910172101
110173905,7/6/6,none,7,none,1469/1470,910071103
110173906,8/7/7,none,2/8,none,2/1474,910173301
110174901,4/6/6,none,7,none,0,910174201/910174202
110174902,7/4/4,none,7/11/30,none,1488/1490,910174101/910174102
910172901,4/4/5,none,1,none,1,none
910172902,4/6/5,none,none,none,1495,none
910173901,4/5/5,none,2/8,none,2/1481,110173302
910174901,2/4/3,none,4,none,4,none
910174902,2/3/4,none,2,none,2,none
910174903,6/5/5,none,1/8,none,1/1493,110174301
-Nemesis-,-----,----,----,----,-,-------
110181901,1/4/4,none,8/29,none,29/1500,910184101
110181902,1/2/3,11,8/19/29,none,29/1501/1502,none
110181903,2/4/4,none,7/19,none,0,none
110181904,2/4/4,none,7,none,0,none
110181905,2/4/3,none,8,none,1506,none
110181906,2/4/3,none,7,none,0,none
110181907,3/4/4,none,7/19/21,none,0,none
110181908,3/5/4,none,7,none,0,none
110181909,4/4/6,11,4/9/19,none,4/1512,none
110181910,5/5/7,11,7,none,0,none
110181911,5/6/7,none,7,none,1516,none
110181912,6/5/4,11,4/8,none,4/1519,910081104
110182901,2/3/3,none,none,none,1529,910081101
110182902,2/4/3,11,7,none,0,910081101
110182903,2/3/4,none,8,none,1536/1537,910081101
110182904,3/5/4,none,7,none,0,910081101
110182905,4/3/3,none,3/11,none,3/1540,none
110182906,4/6/5,none,8,none,1541,910081106
110182907,4/5/6,none,7,none,0,910182101
110182908,5/4/4,none,1/8,none,1/1544,910081101
110182909,7/5/7,11,7/21,none,0,none
110182910,8/5/5,none,7/8,none,1548,910081105
110183901,1/3/3,none,8,none,1557,910183101
110183902,3/5/5,none,7,none,0,none
110183903,4/4/4,11,7/11/19/30,none,1561,910081103/910081104/910081105/910081106
110183904,4/7/8,11,29,none,29,none
110183905,4/4/5,none,7,none,1563,910081101
110183906,5/5/4,none,3/7/8,none,3/1568,910183103/910081101
110183907,6/6/7,11,2/8,none,2/1570,910183102
110184901,2/2/5,none,7,none,1577,910184101
110184902,7/4/7,none,7,none,0,none
110184903,6/7/7,none,2,none,2,910081101
910182901,4/6/7,4,8,none,1543,none
910183901,3/5/5,4,2/7,none,2,none
910183902,5/6/7,4/11,4/9,none,4/1555,none
910183903,5/4/5,none,5/8,none,5/1556,910081101
910184901,2/5/5,4,4,none,4/1499,none
---------,------,----,----,----,-,-------(Pack 102)
110201101,2/2/2,none,7,none,2001/2002,none
110201102,4/4/3,none,none,none,2003,none
110201103,5/3/3,none,none,none,2004/2005,910201201
110201201,6/0/0,none,none,none,2010/2011/2012,none
110201901,2/4/4,none,7,none,0,none
110201902,4/6/5,none,none,none,0,none
110201903,5/5/5,none,none,none,2004/2005,910201201
110202101,3/3/3,none,7,none,2013,none
110202102,4/3/3,none,7,none,2014/2015/2016/2017,none
110202103,8/5/4,none,1/3,none,1/3,none
110202201,1/0/0,none,28,none,2018,none
110202901,3/5/5,none,7,none,0,none
110202902,4/5/5,none,7,none,0,none
110202903,8/7/6,none,1/3,none,1/3,none
110203101,6/5/4,none,7/11,none,2020/2021/2022,none
110203102,7/5/7,none,2/7/8,none,2/2023/2025,none
110203301,5/0/0,none,none,none,2026,none
110203901,6/7/6,none,7/11,none,2022,none
110203902,7/7/9,none,2/7/8,none,2025,none
110204101,5/3/4,none,7/11,none,2028/2030,none
110204102,10/10/10,none,7/36/37,none,36/37/2032/2033,none
110204901,5/5/6,none,7/11,none,2030,none
110204902,10/12/12,none,7/36/37,none,36/37/2032,none
910201201,0/0/0,none,none,none,2006/2009,none
--Witch--,-----,----,----,----,-,-------
110231101,2/1/2,none,2/8,none,2/2116,110032201
110231102,6/4/4,none,7,none,2117,none
110231103,2/2/2,none,7/11,none,2119/2120/2121,910031301/110031301
110231201,4/0/0,none,none,none,2122,none
110231901,2/3/4,none,2/8,none,2/2116,110032201
110231902,6/6/6,none,7,none,0,none
110231903,2/3/3,none,7/11,none,2120/2121,910031301/110031301
110232101,2/2/2,5,7/21,none,2124/2125/2126,none
110232102,4/3/3,none,7,none,2127,none
110232201,2/0/0,none,none,none,2129,none
110232202,3/0/0,none,none,none,2130/2132/2131,none
110232901,2/4/4,none,7/21,none,2124,none
110232902,4/5/5,none,7,none,0,none
110233101,2/2/2,none,7/11,none,2133/2134,110031202
110233201,7/0/0,none,14/28,none,2136/2153,none
110233301,3/0/0,3,7/8/20/30,none,2137,910233301/910233302/910233303
110233901,2/4/4,none,7/11,none,2134,110031202
110234101,5/4/4,5,7/8/20,none,2140/2141,910234301
110234102,8/5/5,none,7,none,2142,910041103
110234901,5/6/6,none,7/8/20,none,2141,910234301
110234902,8/7/7,none,7,none,0,910041103
910231101,3/5/5,5,2/29,none,2/29/2156,none
910231901,3/7/7,5,2/29,none,2/29/2156,none
910233301,3/0/0,3,8,none,2158/2159,none
910233302,3/0/0,3,8,none,2158/2160,910231101
910233303,3/0/0,3,8,none,2158/2161/2162,none
910234301,1/0/0,3,8,none,2157,none
--Necro--,-----,----,----,----,-,-------
110251101,1/1/1,none,7,none,2073/2074/2075,910051101/910051102/910051103
110251102,6/5/6,none,7/23,none,2076/2077,none
110251201,2/0/0,none,16,none,2079/2080,none
110251301,2/0/0,none,7/18,countdown=1,2084/2085/2086/2087/2088/2089/2090,910051102
110251901,1/3/3,none,7,none,0,910051101/910051102/910051103
110251902,6/7/8,none,7/23,none,2076,none
110252101,4/2/4,none,7,none,2091,none
110252102,4/3/3,none,7/16/24,none,2092,none
110252103,5/1/1,none,1/7,none,2093,910051101
110252201,2/0/0,none,none,none,2094,none
110252901,4/4/6,none,7,none,0,none
110252902,4/5/5,none,7/16/24,none,0,none
110252903,5/3/3,none,1/7,none,0,910051101
110253101,3/2/2,none,7,none,2096,none
110253102,6/5/5,none,11,none,2104,none
110253103,12/4/4,none,7,none,2107/2108/2109,none
110253901,3/4/4,none,7,none,0,none
110253902,6/5/5,none,11,none,2104,none
110253903,12/6/6,none,7,none,2108,none
110254101,5/4/5,none,8,none,2110,none
110254102,7/3/3,none,5/7/11/16/23/24,none,5/2112/2114,none
110254901,5/6/7,none,8,none,2110,none
110254902,7/3/3,none,5/7/11/16/23/24,none,5/2114,none
-Nemesis-,-----,----,----,----,-,-------
110281101,2/2/2,none,7/21,none,2034/2035/2036,910081101
110281102,5/4/4,none,7,none,2037/2038/2039,910081101/910081102
110281103,5/4/3,none,11,none,2040/2041,none
110281201,4/0/0,none,none,none,2043,none
110281901,2/4/4,none,7/21,none,2034,910081101
110281902,5/6/6,none,7,none,0,910081101/910081102
110281903,5/6/5,none,11,none,2040/2041,none
110282101,5/3/3,none,none,none,2044/2045,910081101
110282102,3/5/4,11,9,none,2046,none
110282103,3/1/2,11,4/7/19,none,4/2047/2048,none
110282201,2/0/0,none,none,none,2049,910081101
110282901,5/5/5,none,none,none,2044/2045,910081101
110282902,3/7/6,11,9,none,2046,none
110282903,3/3/4,11,4/7/19,none,4,none
110283101,2/2/2,none,7,none,2052,910081101
110283102,3/2/2,11,11,none,2054/2056,910081103
110283201,7/0/0,none,none,none,2057,none
110284101,4/1/4,none,7/11/19,none,2058/2059/2060/2061,910081101/910284201
110284102,4/2/2,none,7/8/19,none,2065/2069/2070,910081101
110283901,2/4/4,none,7,none,0,910081101
110283902,3/4/4,11,11,none,2054/2056,910081103
110284901,4/3/6,none,7/11/19,none,2058/2059/2061,910081101/910284201
110284902,4/2/2,none,7/8/19,none,2070/2072,910081101
910284201,1/0/0,none,none,none,2062/2064,910081101